{"meta":{"app":"https://ctjs.rocks/","version":"3.2.0","image":"a0.png","format":"RGBA8888","size":{"w":1024,"h":1024},"scale":"1"},"frames":{"02@frame0":{"frame":{"x":1,"y":1,"w":64,"h":56},"rotated":false,"trimmed":false,"spriteSourceSize":{"x":0,"y":0,"w":64,"h":56},"sourceSize":{"w":64,"h":56},"anchor":{"x":0.5,"y":0.5},"shape":{"type":"rect","top":28,"bottom":28,"left":32,"right":32}},"03@frame0":{"frame":{"x":1,"y":59,"w":64,"h":56},"rotated":false,"trimmed":false,"spriteSourceSize":{"x":0,"y":0,"w":64,"h":56},"sourceSize":{"w":64,"h":56},"anchor":{"x":0.5,"y":0.5},"shape":{"type":"rect","top":28,"bottom":28,"left":32,"right":32}},"04@frame0":{"frame":{"x":1,"y":117,"w":64,"h":56},"rotated":false,"trimmed":false,"spriteSourceSize":{"x":0,"y":0,"w":64,"h":56},"sourceSize":{"w":64,"h":56},"anchor":{"x":0.5,"y":0.5},"shape":{"type":"rect","top":28,"bottom":28,"left":32,"right":32}},"07@frame0":{"frame":{"x":1,"y":175,"w":64,"h":56},"rotated":false,"trimmed":false,"spriteSourceSize":{"x":0,"y":0,"w":64,"h":56},"sourceSize":{"w":64,"h":56},"anchor":{"x":0.5,"y":0.5},"shape":{"type":"rect","top":28,"bottom":28,"left":32,"right":32}},"10@frame0":{"frame":{"x":67,"y":1,"w":64,"h":56},"rotated":false,"trimmed":false,"spriteSourceSize":{"x":0,"y":0,"w":64,"h":56},"sourceSize":{"w":64,"h":56},"anchor":{"x":0.5,"y":0.5},"shape":{"type":"rect","top":28,"bottom":28,"left":32,"right":32}},"100@frame0":{"frame":{"x":133,"y":1,"w":64,"h":56},"rotated":false,"trimmed":false,"spriteSourceSize":{"x":0,"y":0,"w":64,"h":56},"sourceSize":{"w":64,"h":56},"anchor":{"x":0.5,"y":0.5},"shape":{"type":"rect","top":28,"bottom":28,"left":32,"right":32}},"106@frame0":{"frame":{"x":67,"y":59,"w":64,"h":56},"rotated":false,"trimmed":false,"spriteSourceSize":{"x":0,"y":0,"w":64,"h":56},"sourceSize":{"w":64,"h":56},"anchor":{"x":0.5,"y":0.5},"shape":{"type":"rect","top":28,"bottom":28,"left":32,"right":32}},"110@frame0":{"frame":{"x":133,"y":59,"w":64,"h":56},"rotated":false,"trimmed":false,"spriteSourceSize":{"x":0,"y":0,"w":64,"h":56},"sourceSize":{"w":64,"h":56},"anchor":{"x":0.5,"y":0.5},"shape":{"type":"rect","top":28,"bottom":28,"left":32,"right":32}},"112@frame0":{"frame":{"x":67,"y":117,"w":64,"h":56},"rotated":false,"trimmed":false,"spriteSourceSize":{"x":0,"y":0,"w":64,"h":56},"sourceSize":{"w":64,"h":56},"anchor":{"x":0.5,"y":0.5},"shape":{"type":"rect","top":28,"bottom":28,"left":32,"right":32}},"115@frame0":{"frame":{"x":67,"y":175,"w":64,"h":56},"rotated":false,"trimmed":false,"spriteSourceSize":{"x":0,"y":0,"w":64,"h":56},"sourceSize":{"w":64,"h":56},"anchor":{"x":0.5,"y":0.5},"shape":{"type":"rect","top":28,"bottom":28,"left":32,"right":32}},"12@frame0":{"frame":{"x":133,"y":117,"w":64,"h":56},"rotated":false,"trimmed":false,"spriteSourceSize":{"x":0,"y":0,"w":64,"h":56},"sourceSize":{"w":64,"h":56},"anchor":{"x":0.5,"y":0.5},"shape":{"type":"rect","top":28,"bottom":28,"left":32,"right":32}},"123@frame0":{"frame":{"x":133,"y":175,"w":64,"h":56},"rotated":false,"trimmed":false,"spriteSourceSize":{"x":0,"y":0,"w":64,"h":56},"sourceSize":{"w":64,"h":56},"anchor":{"x":0.5,"y":0.5},"shape":{"type":"rect","top":28,"bottom":28,"left":32,"right":32}},"136@frame0":{"frame":{"x":1,"y":233,"w":64,"h":56},"rotated":false,"trimmed":false,"spriteSourceSize":{"x":0,"y":0,"w":64,"h":56},"sourceSize":{"w":64,"h":56},"anchor":{"x":0.5,"y":0.5},"shape":{"type":"rect","top":28,"bottom":28,"left":32,"right":32}},"142@frame0":{"frame":{"x":1,"y":291,"w":64,"h":56},"rotated":false,"trimmed":false,"spriteSourceSize":{"x":0,"y":0,"w":64,"h":56},"sourceSize":{"w":64,"h":56},"anchor":{"x":0.5,"y":0.5},"shape":{"type":"rect","top":28,"bottom":28,"left":32,"right":32}},"143@frame0":{"frame":{"x":1,"y":349,"w":64,"h":56},"rotated":false,"trimmed":false,"spriteSourceSize":{"x":0,"y":0,"w":64,"h":56},"sourceSize":{"w":64,"h":56},"anchor":{"x":0.5,"y":0.5},"shape":{"type":"rect","top":28,"bottom":28,"left":32,"right":32}},"145@frame0":{"frame":{"x":1,"y":407,"w":64,"h":56},"rotated":false,"trimmed":false,"spriteSourceSize":{"x":0,"y":0,"w":64,"h":56},"sourceSize":{"w":64,"h":56},"anchor":{"x":0.5,"y":0.5},"shape":{"type":"rect","top":28,"bottom":28,"left":32,"right":32}},"17@frame0":{"frame":{"x":67,"y":233,"w":64,"h":56},"rotated":false,"trimmed":false,"spriteSourceSize":{"x":0,"y":0,"w":64,"h":56},"sourceSize":{"w":64,"h":56},"anchor":{"x":0.5,"y":0.5},"shape":{"type":"rect","top":28,"bottom":28,"left":32,"right":32}},"23@frame0":{"frame":{"x":67,"y":291,"w":64,"h":56},"rotated":false,"trimmed":false,"spriteSourceSize":{"x":0,"y":0,"w":64,"h":56},"sourceSize":{"w":64,"h":56},"anchor":{"x":0.5,"y":0.5},"shape":{"type":"rect","top":28,"bottom":28,"left":32,"right":32}},"26@frame0":{"frame":{"x":67,"y":349,"w":64,"h":56},"rotated":false,"trimmed":false,"spriteSourceSize":{"x":0,"y":0,"w":64,"h":56},"sourceSize":{"w":64,"h":56},"anchor":{"x":0.5,"y":0.5},"shape":{"type":"rect","top":28,"bottom":28,"left":32,"right":32}},"30@frame0":{"frame":{"x":67,"y":407,"w":64,"h":56},"rotated":false,"trimmed":false,"spriteSourceSize":{"x":0,"y":0,"w":64,"h":56},"sourceSize":{"w":64,"h":56},"anchor":{"x":0.5,"y":0.5},"shape":{"type":"rect","top":28,"bottom":28,"left":32,"right":32}},"32@frame0":{"frame":{"x":133,"y":233,"w":64,"h":56},"rotated":false,"trimmed":false,"spriteSourceSize":{"x":0,"y":0,"w":64,"h":56},"sourceSize":{"w":64,"h":56},"anchor":{"x":0.5,"y":0.5},"shape":{"type":"rect","top":28,"bottom":28,"left":32,"right":32}},"33@frame0":{"frame":{"x":133,"y":291,"w":64,"h":56},"rotated":false,"trimmed":false,"spriteSourceSize":{"x":0,"y":0,"w":64,"h":56},"sourceSize":{"w":64,"h":56},"anchor":{"x":0.5,"y":0.5},"shape":{"type":"rect","top":28,"bottom":28,"left":32,"right":32}},"36@frame0":{"frame":{"x":133,"y":349,"w":64,"h":56},"rotated":false,"trimmed":false,"spriteSourceSize":{"x":0,"y":0,"w":64,"h":56},"sourceSize":{"w":64,"h":56},"anchor":{"x":0.5,"y":0.5},"shape":{"type":"rect","top":28,"bottom":28,"left":32,"right":32}},"41@frame0":{"frame":{"x":133,"y":407,"w":64,"h":56},"rotated":false,"trimmed":false,"spriteSourceSize":{"x":0,"y":0,"w":64,"h":56},"sourceSize":{"w":64,"h":56},"anchor":{"x":0.5,"y":0.5},"shape":{"type":"rect","top":28,"bottom":28,"left":32,"right":32}},"45@frame0":{"frame":{"x":199,"y":1,"w":64,"h":56},"rotated":false,"trimmed":false,"spriteSourceSize":{"x":0,"y":0,"w":64,"h":56},"sourceSize":{"w":64,"h":56},"anchor":{"x":0.5,"y":0.5},"shape":{"type":"rect","top":28,"bottom":28,"left":32,"right":32}},"47@frame0":{"frame":{"x":265,"y":1,"w":64,"h":56},"rotated":false,"trimmed":false,"spriteSourceSize":{"x":0,"y":0,"w":64,"h":56},"sourceSize":{"w":64,"h":56},"anchor":{"x":0.5,"y":0.5},"shape":{"type":"rect","top":28,"bottom":28,"left":32,"right":32}},"52@frame0":{"frame":{"x":331,"y":1,"w":64,"h":56},"rotated":false,"trimmed":false,"spriteSourceSize":{"x":0,"y":0,"w":64,"h":56},"sourceSize":{"w":64,"h":56},"anchor":{"x":0.5,"y":0.5},"shape":{"type":"rect","top":28,"bottom":28,"left":32,"right":32}},"60@frame0":{"frame":{"x":397,"y":1,"w":64,"h":56},"rotated":false,"trimmed":false,"spriteSourceSize":{"x":0,"y":0,"w":64,"h":56},"sourceSize":{"w":64,"h":56},"anchor":{"x":0.5,"y":0.5},"shape":{"type":"rect","top":28,"bottom":28,"left":32,"right":32}},"61@frame0":{"frame":{"x":199,"y":59,"w":64,"h":56},"rotated":false,"trimmed":false,"spriteSourceSize":{"x":0,"y":0,"w":64,"h":56},"sourceSize":{"w":64,"h":56},"anchor":{"x":0.5,"y":0.5},"shape":{"type":"rect","top":28,"bottom":28,"left":32,"right":32}},"66@frame0":{"frame":{"x":265,"y":59,"w":64,"h":56},"rotated":false,"trimmed":false,"spriteSourceSize":{"x":0,"y":0,"w":64,"h":56},"sourceSize":{"w":64,"h":56},"anchor":{"x":0.5,"y":0.5},"shape":{"type":"rect","top":28,"bottom":28,"left":32,"right":32}},"70@frame0":{"frame":{"x":331,"y":59,"w":64,"h":56},"rotated":false,"trimmed":false,"spriteSourceSize":{"x":0,"y":0,"w":64,"h":56},"sourceSize":{"w":64,"h":56},"anchor":{"x":0.5,"y":0.5},"shape":{"type":"rect","top":28,"bottom":28,"left":32,"right":32}},"72@frame0":{"frame":{"x":397,"y":59,"w":64,"h":56},"rotated":false,"trimmed":false,"spriteSourceSize":{"x":0,"y":0,"w":64,"h":56},"sourceSize":{"w":64,"h":56},"anchor":{"x":0.5,"y":0.5},"shape":{"type":"rect","top":28,"bottom":28,"left":32,"right":32}},"80@frame0":{"frame":{"x":199,"y":117,"w":64,"h":56},"rotated":false,"trimmed":false,"spriteSourceSize":{"x":0,"y":0,"w":64,"h":56},"sourceSize":{"w":64,"h":56},"anchor":{"x":0.5,"y":0.5},"shape":{"type":"rect","top":28,"bottom":28,"left":32,"right":32}},"82@frame0":{"frame":{"x":265,"y":117,"w":64,"h":56},"rotated":false,"trimmed":false,"spriteSourceSize":{"x":0,"y":0,"w":64,"h":56},"sourceSize":{"w":64,"h":56},"anchor":{"x":0.5,"y":0.5},"shape":{"type":"rect","top":28,"bottom":28,"left":32,"right":32}},"83@frame0":{"frame":{"x":331,"y":117,"w":64,"h":56},"rotated":false,"trimmed":false,"spriteSourceSize":{"x":0,"y":0,"w":64,"h":56},"sourceSize":{"w":64,"h":56},"anchor":{"x":0.5,"y":0.5},"shape":{"type":"rect","top":28,"bottom":28,"left":32,"right":32}},"86@frame0":{"frame":{"x":397,"y":117,"w":64,"h":56},"rotated":false,"trimmed":false,"spriteSourceSize":{"x":0,"y":0,"w":64,"h":56},"sourceSize":{"w":64,"h":56},"anchor":{"x":0.5,"y":0.5},"shape":{"type":"rect","top":28,"bottom":28,"left":32,"right":32}},"90@frame0":{"frame":{"x":199,"y":175,"w":64,"h":56},"rotated":false,"trimmed":false,"spriteSourceSize":{"x":0,"y":0,"w":64,"h":56},"sourceSize":{"w":64,"h":56},"anchor":{"x":0.5,"y":0.5},"shape":{"type":"rect","top":28,"bottom":28,"left":32,"right":32}},"91@frame0":{"frame":{"x":265,"y":175,"w":64,"h":56},"rotated":false,"trimmed":false,"spriteSourceSize":{"x":0,"y":0,"w":64,"h":56},"sourceSize":{"w":64,"h":56},"anchor":{"x":0.5,"y":0.5},"shape":{"type":"rect","top":28,"bottom":28,"left":32,"right":32}},"92@frame0":{"frame":{"x":331,"y":175,"w":64,"h":56},"rotated":false,"trimmed":false,"spriteSourceSize":{"x":0,"y":0,"w":64,"h":56},"sourceSize":{"w":64,"h":56},"anchor":{"x":0.5,"y":0.5},"shape":{"type":"rect","top":28,"bottom":28,"left":32,"right":32}},"95@frame0":{"frame":{"x":397,"y":175,"w":64,"h":56},"rotated":false,"trimmed":false,"spriteSourceSize":{"x":0,"y":0,"w":64,"h":56},"sourceSize":{"w":64,"h":56},"anchor":{"x":0.5,"y":0.5},"shape":{"type":"rect","top":28,"bottom":28,"left":32,"right":32}},"96@frame0":{"frame":{"x":199,"y":233,"w":64,"h":56},"rotated":false,"trimmed":false,"spriteSourceSize":{"x":0,"y":0,"w":64,"h":56},"sourceSize":{"w":64,"h":56},"anchor":{"x":0.5,"y":0.5},"shape":{"type":"rect","top":28,"bottom":28,"left":32,"right":32}},"arrow_down@frame0":{"frame":{"x":199,"y":291,"w":128,"h":128},"rotated":false,"trimmed":false,"spriteSourceSize":{"x":0,"y":0,"w":128,"h":128},"sourceSize":{"w":128,"h":128},"anchor":{"x":0.5,"y":0.5},"shape":{"type":"circle","r":45}},"arrow_left@frame0":{"frame":{"x":329,"y":233,"w":128,"h":128},"rotated":false,"trimmed":false,"spriteSourceSize":{"x":0,"y":0,"w":128,"h":128},"sourceSize":{"w":128,"h":128},"anchor":{"x":0.5,"y":0.5},"shape":{"type":"circle","r":45}},"arrow_right@frame0":{"frame":{"x":329,"y":363,"w":128,"h":128},"rotated":false,"trimmed":false,"spriteSourceSize":{"x":0,"y":0,"w":128,"h":128},"sourceSize":{"w":128,"h":128},"anchor":{"x":0.5,"y":0.5},"shape":{"type":"circle","r":45}},"arrow_up@frame0":{"frame":{"x":199,"y":421,"w":128,"h":128},"rotated":false,"trimmed":false,"spriteSourceSize":{"x":0,"y":0,"w":128,"h":128},"sourceSize":{"w":128,"h":128},"anchor":{"x":0.5,"y":0.5},"shape":{"type":"circle","r":45}},"bubble@frame0":{"frame":{"x":1,"y":551,"w":256,"h":192},"rotated":false,"trimmed":false,"spriteSourceSize":{"x":0,"y":0,"w":256,"h":192},"sourceSize":{"w":256,"h":192},"anchor":{"x":0.5,"y":0.5},"shape":{"type":"rect","top":96,"bottom":96,"left":128,"right":128}},"emitter@frame0":{"frame":{"x":1,"y":465,"w":64,"h":64},"rotated":false,"trimmed":false,"spriteSourceSize":{"x":0,"y":0,"w":64,"h":64},"sourceSize":{"w":64,"h":64},"anchor":{"x":0.5,"y":0.5},"shape":{"type":"rect","top":32,"bottom":32,"left":32,"right":32}},"game_icon@frame0":{"frame":{"x":1,"y":745,"w":225,"h":225},"rotated":false,"trimmed":false,"spriteSourceSize":{"x":0,"y":0,"w":225,"h":225},"sourceSize":{"w":225,"h":225},"anchor":{"x":0.49777777777777776,"y":0.49777777777777776},"shape":{"type":"rect","top":112,"bottom":113,"left":112,"right":113}},"play again@frame0":{"frame":{"x":228,"y":745,"w":256,"h":128},"rotated":false,"trimmed":false,"spriteSourceSize":{"x":0,"y":0,"w":256,"h":128},"sourceSize":{"w":256,"h":128},"anchor":{"x":0.5,"y":0.5},"shape":{"type":"rect","top":64,"bottom":64,"left":128,"right":128}},"scale@frame0":{"frame":{"x":67,"y":465,"w":64,"h":64},"rotated":false,"trimmed":false,"spriteSourceSize":{"x":0,"y":0,"w":64,"h":64},"sourceSize":{"w":64,"h":64},"anchor":{"x":0.5,"y":1},"shape":{"type":"rect","top":64,"bottom":0,"left":32,"right":32}},"sensor@frame0":{"frame":{"x":133,"y":465,"w":64,"h":64},"rotated":false,"trimmed":false,"spriteSourceSize":{"x":0,"y":0,"w":64,"h":64},"sourceSize":{"w":64,"h":64},"anchor":{"x":0.5,"y":0.5},"shape":{"type":"rect","top":32,"bottom":32,"left":32,"right":32}},"sensor1@frame0":{"frame":{"x":228,"y":875,"w":64,"h":64},"rotated":false,"trimmed":false,"spriteSourceSize":{"x":0,"y":0,"w":64,"h":64},"sourceSize":{"w":64,"h":64},"anchor":{"x":0.5,"y":0.5},"shape":{"type":"rect","top":32,"bottom":32,"left":32,"right":32}},"touch_thing@frame0":{"frame":{"x":459,"y":233,"w":256,"h":384},"rotated":false,"trimmed":false,"spriteSourceSize":{"x":0,"y":0,"w":256,"h":384},"sourceSize":{"w":256,"h":384},"anchor":{"x":0.5,"y":0.5},"shape":{"type":"rect","top":192,"bottom":192,"left":128,"right":128}}},"animations":{"10":["10@frame0"],"12":["12@frame0"],"17":["17@frame0"],"23":["23@frame0"],"26":["26@frame0"],"30":["30@frame0"],"32":["32@frame0"],"33":["33@frame0"],"36":["36@frame0"],"41":["41@frame0"],"45":["45@frame0"],"47":["47@frame0"],"52":["52@frame0"],"60":["60@frame0"],"61":["61@frame0"],"66":["66@frame0"],"70":["70@frame0"],"72":["72@frame0"],"80":["80@frame0"],"82":["82@frame0"],"83":["83@frame0"],"86":["86@frame0"],"90":["90@frame0"],"91":["91@frame0"],"92":["92@frame0"],"95":["95@frame0"],"96":["96@frame0"],"100":["100@frame0"],"106":["106@frame0"],"110":["110@frame0"],"112":["112@frame0"],"115":["115@frame0"],"123":["123@frame0"],"136":["136@frame0"],"142":["142@frame0"],"143":["143@frame0"],"145":["145@frame0"],"02":["02@frame0"],"03":["03@frame0"],"04":["04@frame0"],"07":["07@frame0"],"arrow_down":["arrow_down@frame0"],"arrow_left":["arrow_left@frame0"],"arrow_right":["arrow_right@frame0"],"arrow_up":["arrow_up@frame0"],"bubble":["bubble@frame0"],"emitter":["emitter@frame0"],"game_icon":["game_icon@frame0"],"play again":["play again@frame0"],"scale":["scale@frame0"],"sensor":["sensor@frame0"],"sensor1":["sensor1@frame0"],"touch_thing":["touch_thing@frame0"]}}
